{"loss": [1.3057539463043213, 0.44209253787994385, 0.26231032609939575, 0.17971180379390717, 0.13885535299777985, 0.10888908058404922, 0.08937503397464752, 0.0716550350189209, 0.06551989912986755, 0.05566255748271942], "accuracy": [0.6123622059822083, 0.8603741526603699, 0.9146881103515625, 0.9420726895332336, 0.9548189640045166, 0.964762806892395, 0.9702823758125305, 0.9767266511917114, 0.978888988494873, 0.9820897579193115], "val_loss": [0.5464521050453186, 0.28618550300598145, 0.2046990841627121, 0.1566735804080963, 0.13599753379821777, 0.1450231820344925, 0.15298645198345184, 0.15220285952091217, 0.11073169112205505, 0.14921832084655762], "val_accuracy": [0.8292738199234009, 0.9105964303016663, 0.9361484050750732, 0.9502048492431641, 0.9568631649017334, 0.9544160962104797, 0.9558388590812683, 0.9544160962104797, 0.9687002301216125, 0.9554973840713501]}